{"train_loss": [1270412.0416666667, 1270353.1458333333, 1270266.2291666667], "val_loss": [96289.6015625, 96272.0390625, 96263.7890625], "lr": [0.0007525, 0.00025750000000000013, 1e-05]}